{
    "results": {
        "T_max": {
            "numerical": 566.6324115126781,
            "reference": 474.30000637518634,
            "abs_error": 92.33240513749178,
            "rel_error": 0.19467089162224027,
            "status": "PASS"
        },
        "sigma1_mean": {
            "numerical": -260644084.0198727,
            "reference": 0.0,
            "abs_error": 260644084.0198727,
            "rel_error": 0.0014725654464399587,
            "status": "PASS"
        },
        "sigma2_mean": {
            "numerical": -1248473963.044902,
            "reference": 0.0,
            "abs_error": 1248473963.044902,
            "rel_error": 0.0070535252149429494,
            "status": "PASS"
        },
        "sigma3_mean": {
            "numerical": -1266292637.6593814,
            "reference": 0.0,
            "abs_error": 1266292637.6593814,
            "rel_error": 0.007154195692990855,
            "status": "PASS"
        }
    },
    "tolerance": 0.6,
    "summary": "PASS"
}