{
    "results": {
        "L2_error_sigma_rr": {
            "numerical": 0.010793592257714379,
            "reference": 0.0,
            "abs_error": 0.010793592257714379,
            "rel_error": 0.010793592257714379,
            "status": "PASS"
        },
        "L2_error_sigma_tt": {
            "numerical": 0.0025835983569823255,
            "reference": 0.0,
            "abs_error": 0.0025835983569823255,
            "rel_error": 0.0025835983569823255,
            "status": "PASS"
        },
        "L2_error_sigma_zz": {
            "numerical": 0.024884466177526886,
            "reference": 0.0,
            "abs_error": 0.024884466177526886,
            "rel_error": 0.024884466177526886,
            "status": "PASS"
        },
        "L2_error_strain_rr": {
            "numerical": 0.008574944788257235,
            "reference": 0.0,
            "abs_error": 0.008574944788257235,
            "rel_error": 0.008574944788257235,
            "status": "PASS"
        },
        "L2_error_strain_tt": {
            "numerical": 0.00170898255710076,
            "reference": 0.0,
            "abs_error": 0.00170898255710076,
            "rel_error": 0.00170898255710076,
            "status": "PASS"
        },
        "L2_error_strain_zz": {
            "numerical": 6.012819234505555e-08,
            "reference": 0.0,
            "abs_error": 6.012819234505555e-08,
            "rel_error": 6.012819234505555e-08,
            "status": "PASS"
        }
    },
    "tolerance": 0.05,
    "summary": "PASS"
}
