{
    "results": {
        "epsilon_xx": {
            "numerical": [
                0.0,
                4.549995654533258e-10,
                4.549995604625456e-08,
                4.549995604625398e-06,
                0.0004549995604625474
            ],
            "reference": [
                0.0,
                4.55e-10,
                4.55e-08,
                4.55e-06,
                0.000455
            ],
            "abs_error": [
                0.0,
                4.345466741850725e-16,
                4.395374543736562e-14,
                4.395374601970077e-12,
                4.395374526042044e-10
            ],
            "rel_error": [
                0.0,
                4.345466741850725e-16,
                9.660163832388048e-07,
                9.660163960373797e-07,
                9.660163793498997e-07
            ],
            "status": "PASS"
        },
        "sigma_xx": {
            "numerical": [
                0.0,
                99.99992617336808,
                9999.992507649293,
                999999.2507649183,
                99999925.07649346
            ],
            "reference": [
                0.0,
                100.0,
                10000.0,
                1000000.0,
                100000000.0
            ],
            "abs_error": [
                0.0,
                7.382663191890515e-05,
                0.007492350707252626,
                0.7492350817192346,
                74.92350654304028
            ],
            "rel_error": [
                0.0,
                7.382663191890515e-07,
                7.492350707252627e-07,
                7.492350817192346e-07,
                7.492350654304027e-07
            ],
            "status": "PASS"
        },
        "u_xx": {
            "numerical": [
                0.0,
                4.5499958554545954e-10,
                4.549995805546795e-08,
                4.549995805546735e-06,
                0.00045499958055468076
            ],
            "reference": [
                0.0,
                4.55e-10,
                4.55e-08,
                4.55e-06,
                0.000455
            ],
            "abs_error": [
                0.0,
                4.144545404446062e-16,
                4.1944532047602556e-14,
                4.194453264873125e-12,
                4.1944531924348674e-10
            ],
            "rel_error": [
                0.0,
                4.144545404446062e-16,
                9.218578472000563e-07,
                9.21857860411676e-07,
                9.218578444911797e-07
            ],
            "status": "PASS"
        }
    },
    "tolerance": 0.01,
    "summary": "PASS"
}