{
    "results": {
        "epsilon_xx": {
            "numerical": [
                0.0,
                4.5499999795250204e-10,
                4.5499999296172104e-08,
                4.549999929617211e-06,
                0.00045499999296172086
            ],
            "reference": [
                0.0,
                4.55e-10,
                4.55e-08,
                4.55e-06,
                0.000455
            ],
            "abs_error": [
                0.0,
                2.047497939773547e-18,
                7.038278926586536e-16,
                7.038278905410712e-14,
                7.038279139191805e-12
            ],
            "rel_error": [
                0.0,
                2.047497939773547e-18,
                1.5468744893596782e-08,
                1.546874484705651e-08,
                1.546874536086111e-08
            ],
            "status": "PASS"
        },
        "sigma_xx": {
            "numerical": [
                0.0,
                99.99999955000004,
                9999.999845312512,
                999999.9845312514,
                99999998.45312506
            ],
            "reference": [
                0.0,
                100.0,
                10000.0,
                1000000.0,
                100000000.0
            ],
            "abs_error": [
                0.0,
                4.49999959073466e-07,
                0.00015468748824787326,
                0.015468748635612428,
                1.5468749403953552
            ],
            "rel_error": [
                0.0,
                4.49999959073466e-09,
                1.5468748824787328e-08,
                1.546874863561243e-08,
                1.5468749403953553e-08
            ],
            "status": "PASS"
        },
        "u_xx": {
            "numerical": [
                0.0,
                4.5499999795250214e-10,
                4.549999929617212e-08,
                4.5499999296172114e-06,
                0.0004549999929617209
            ],
            "reference": [
                0.0,
                4.55e-10,
                4.55e-08,
                4.55e-06,
                0.000455
            ],
            "abs_error": [
                0.0,
                2.0474978363759705e-18,
                7.038278794237638e-16,
                7.038278820707417e-14,
                7.038279084981697e-12
            ],
            "rel_error": [
                0.0,
                2.0474978363759705e-18,
                1.5468744602720083e-08,
                1.5468744660895424e-08,
                1.5468745241718016e-08
            ],
            "status": "PASS"
        }
    },
    "tolerance": 0.01
}