{
    "results": {
        "L2_error_sigma_rr": {
            "numerical": 1.528942017626766e-05,
            "reference": 0.0,
            "abs_error": 1.528942017626766e-05,
            "rel_error": 1.528942017626766e-05,
            "status": "PASS"
        },
        "L2_error_sigma_tt": {
            "numerical": 5.756077192666657e-06,
            "reference": 0.0,
            "abs_error": 5.756077192666657e-06,
            "rel_error": 5.756077192666657e-06,
            "status": "PASS"
        },
        "L2_error_sigma_zz": {
            "numerical": 6.139770363851899e-05,
            "reference": 0.0,
            "abs_error": 6.139770363851899e-05,
            "rel_error": 6.139770363851899e-05,
            "status": "PASS"
        },
        "L2_error_strain_rr": {
            "numerical": 8.24763771939054e-06,
            "reference": 0.0,
            "abs_error": 8.24763771939054e-06,
            "rel_error": 8.24763771939054e-06,
            "status": "PASS"
        },
        "L2_error_strain_tt": {
            "numerical": 5.214708523659764e-06,
            "reference": 0.0,
            "abs_error": 5.214708523659764e-06,
            "rel_error": 5.214708523659764e-06,
            "status": "PASS"
        },
        "L2_error_strain_zz": {
            "numerical": 2.485875592088183e-11,
            "reference": 0.0,
            "abs_error": 2.485875592088183e-11,
            "rel_error": 2.485875592088183e-11,
            "status": "PASS"
        }
    },
    "tolerance": 0.005
}