{
    "results": {
        "L2_error_sigma_rr": {
            "numerical": 0.00016734074476765971,
            "reference": 0.0,
            "abs_error": 0.00016734074476765971,
            "rel_error": 0.00016734074476765971,
            "status": "PASS"
        },
        "L2_error_sigma_tt": {
            "numerical": 0.00018304964089020258,
            "reference": 0.0,
            "abs_error": 0.00018304964089020258,
            "rel_error": 0.00018304964089020258,
            "status": "PASS"
        },
        "L2_error_sigma_zz": {
            "numerical": 0.0031487709721204757,
            "reference": 0.0,
            "abs_error": 0.0031487709721204757,
            "rel_error": 0.0031487709721204757,
            "status": "PASS"
        },
        "L2_error_strain_rr": {
            "numerical": 0.0005664093944434621,
            "reference": 0.0,
            "abs_error": 0.0005664093944434621,
            "rel_error": 0.0005664093944434621,
            "status": "PASS"
        },
        "L2_error_strain_tt": {
            "numerical": 9.788016213145327e-05,
            "reference": 0.0,
            "abs_error": 9.788016213145327e-05,
            "rel_error": 9.788016213145327e-05,
            "status": "PASS"
        },
        "L2_error_strain_zz": {
            "numerical": 0.0010892132057859784,
            "reference": 0.0,
            "abs_error": 0.0010892132057859784,
            "rel_error": 0.0010892132057859784,
            "status": "PASS"
        }
    },
    "tolerance": 0.005,
    "summary": "PASS"
}