{
  "model": "Magni",
  "T_center_reference_K": 1316.7380598905993,
  "T_center_numerical_K": 1317.5282568421837
}