{
    "results": {
        "L2_error_T": {
            "numerical": 0.0009895804789089777,
            "reference": 0.0,
            "abs_error": 0.0009895804789089777,
            "rel_error": 1.952342756667022e-06,
            "status": "PASS"
        },
        "Linf_error_T": {
            "numerical": 0.0013783924636072697,
            "reference": 0.0,
            "abs_error": 0.0013783924636072697,
            "rel_error": 2.7194296972541567e-06,
            "status": "PASS"
        },
        "T_max": {
            "numerical": 512.6735042259842,
            "reference": 512.6721533550017,
            "abs_error": 0.0013508709824918697,
            "rel_error": 2.634960712516902e-06,
            "status": "PASS"
        },
        "L2_error_sigma_yy": {
            "numerical": 0.008880690001138268,
            "reference": 0.0,
            "abs_error": 0.008880690001138268,
            "rel_error": 0.008880690001138268,
            "status": "PASS"
        }
    },
    "tolerance": 0.02,
    "summary": "PASS"
}
