{
    "results": {
        "L2_error_T": {
            "numerical": 0.0015872021103333672,
            "reference": 0.0,
            "abs_error": 0.0015872021103333672,
            "rel_error": 3.1319487323589486e-06,
            "status": "PASS"
        },
        "Linf_error_T": {
            "numerical": 0.0029178386084822705,
            "reference": 0.0,
            "abs_error": 0.0029178386084822705,
            "rel_error": 5.757629020002148e-06,
            "status": "PASS"
        },
        "T_max": {
            "numerical": 512.6722647494897,
            "reference": 512.6693469108812,
            "abs_error": 0.0029178386084822705,
            "rel_error": 5.6914629791382605e-06,
            "status": "PASS"
        },
        "L2_error_sigma_yy": {
            "numerical": 0.014175789543239618,
            "reference": 0.0,
            "abs_error": 0.014175789543239618,
            "rel_error": 0.014175789543239618,
            "status": "PASS"
        }
    },
    "tolerance": 0.02,
    "summary": "PASS"
}