{
    "results": {
        "L2_error_T": {
            "numerical": 0.03557655557514209,
            "reference": 0.0,
            "abs_error": 0.03557655557514209,
            "rel_error": 6.799599106490327e-05,
            "status": "PASS"
        },
        "Linf_error_T": {
            "numerical": 0.05530470548626454,
            "reference": 0.0,
            "abs_error": 0.05530470548626454,
            "rel_error": 0.0001057015835090756,
            "status": "PASS"
        },
        "T_max": {
            "numerical": 540.1481203705213,
            "reference": 540.0931926321546,
            "abs_error": 0.054927738366700396,
            "rel_error": 0.00010170048265005712,
            "status": "PASS"
        },
        "L2_error_sigma_yy": {
            "numerical": 0.012870264121214588,
            "reference": 0.0,
            "abs_error": 0.012870264121214588,
            "rel_error": 0.012870264121214588,
            "status": "PASS"
        }
    },
    "tolerance": 0.03,
    "summary": "PASS"
}
