{
    "results": {
        "L2_error_sigma_rr": {
            "numerical": 0.576775021978623,
            "reference": 0.0,
            "abs_error": 0.576775021978623,
            "rel_error": 0.576775021978623,
            "status": "PASS"
        },
        "L2_error_sigma_tt": {
            "numerical": 0.012049274182020453,
            "reference": 0.0,
            "abs_error": 0.012049274182020453,
            "rel_error": 0.012049274182020453,
            "status": "PASS"
        },
        "L2_error_sigma_zz": {
            "numerical": 0.020363766816102982,
            "reference": 0.0,
            "abs_error": 0.020363766816102982,
            "rel_error": 0.020363766816102982,
            "status": "PASS"
        },
        "L2_error_epsilon_rr": {
            "numerical": 0.03369043415564078,
            "reference": 0.0,
            "abs_error": 0.03369043415564078,
            "rel_error": 0.03369043415564078,
            "status": "PASS"
        },
        "L2_error_epsilon_tt": {
            "numerical": 0.018604234049923448,
            "reference": 0.0,
            "abs_error": 0.018604234049923448,
            "rel_error": 0.018604234049923448,
            "status": "PASS"
        },
        "L2_error_epsilon_zz": {
            "numerical": 0.04858153189738835,
            "reference": 0.0,
            "abs_error": 0.04858153189738835,
            "rel_error": 0.04858153189738835,
            "status": "PASS"
        }
    },
    "tolerance": 0.6,
    "summary": "PASS"
}
