{
    "results": {
        "L2_error_T": {
            "numerical": 0.00022904156265553523,
            "reference": 0.0,
            "abs_error": 0.00022904156265553523,
            "rel_error": 4.7228815200485707e-07,
            "status": "PASS"
        },
        "Linf_error_T": {
            "numerical": 0.0007288108122338599,
            "reference": 0.0,
            "abs_error": 0.0007288108122338599,
            "rel_error": 1.5028220541297904e-06,
            "status": "PASS"
        },
        "T_max": {
            "numerical": 489.9993213327709,
            "reference": 490.0,
            "abs_error": 0.0006786672291241302,
            "rel_error": 1.3850351614778168e-06,
            "status": "PASS"
        },
        "L2_error_sigma_rr": {
            "numerical": 0.6857486369880096,
            "reference": 0.0,
            "abs_error": 0.6857486369880096,
            "rel_error": 0.6857486369880096,
            "status": "PASS"
        },
        "L2_error_sigma_tt": {
            "numerical": 0.07426292615730219,
            "reference": 0.0,
            "abs_error": 0.07426292615730219,
            "rel_error": 0.07426292615730219,
            "status": "PASS"
        },
        "L2_error_sigma_zz": {
            "numerical": 0.10834410104659861,
            "reference": 0.0,
            "abs_error": 0.10834410104659861,
            "rel_error": 0.10834410104659861,
            "status": "PASS"
        }
    },
    "tolerance": 0.7,
    "summary": "PASS"
}
