{
    "results": {
        "L2_error_T": {
            "numerical": 8.736899179885295e-05,
            "reference": 0.0,
            "abs_error": 8.736899179885295e-05,
            "rel_error": 1.747379835977059e-07,
            "status": "PASS"
        },
        "Linf_error_T": {
            "numerical": 0.00022529698316020585,
            "reference": 0.0,
            "abs_error": 0.00022529698316020585,
            "rel_error": 4.505939663204117e-07,
            "status": "PASS"
        },
        "T_max": {
            "numerical": 500.00022529698316,
            "reference": 500.0,
            "abs_error": 0.00022529698316020585,
            "rel_error": 4.505939663204117e-07,
            "status": "PASS"
        },
        "L2_error_sigma_yy": {
            "numerical": 2.6165897916632474e-07,
            "reference": 0.0,
            "abs_error": 2.6165897916632474e-07,
            "rel_error": 2.6165897916632474e-07,
            "status": "PASS"
        },
        "L2_error_sigma_xy": {
            "numerical": 2.51886539910292e-07,
            "reference": 0.0,
            "abs_error": 2.51886539910292e-07,
            "rel_error": 2.51886539910292e-07,
            "status": "PASS"
        },
        "L2_error_sigma_xz": {
            "numerical": 1.1409638564931953e-07,
            "reference": 0.0,
            "abs_error": 1.1409638564931953e-07,
            "rel_error": 1.1409638564931953e-07,
            "status": "PASS"
        }
    },
    "tolerance": 0.001,
    "summary": "PASS",
    "regression": "FAIL"
}