{
    "results": {
        "L2_error_T": {
            "numerical": 1.520433346535668e-09,
            "reference": 0.0,
            "abs_error": 1.520433346535668e-09,
            "rel_error": 3.040866693071336e-12,
            "status": "PASS"
        },
        "Linf_error_T": {
            "numerical": 1.5621708371327259e-09,
            "reference": 0.0,
            "abs_error": 1.5621708371327259e-09,
            "rel_error": 3.1243416742654517e-12,
            "status": "PASS"
        },
        "T_max": {
            "numerical": 500.0,
            "reference": 500.0,
            "abs_error": 0.0,
            "rel_error": 0.0,
            "status": "PASS"
        },
        "L2_error_sigma_yy": {
            "numerical": 2.3554539826582744e-11,
            "reference": 0.0,
            "abs_error": 2.3554539826582744e-11,
            "rel_error": 2.3554539826582744e-11,
            "status": "PASS"
        },
        "L2_error_sigma_xy": {
            "numerical": 5.321683356188304e-16,
            "reference": 0.0,
            "abs_error": 5.321683356188304e-16,
            "rel_error": 5.321683356188304e-16,
            "status": "PASS"
        },
        "L2_error_sigma_xz": {
            "numerical": 5.1202059402556205e-15,
            "reference": 0.0,
            "abs_error": 5.1202059402556205e-15,
            "rel_error": 5.1202059402556205e-15,
            "status": "PASS"
        }
    },
    "tolerance": 0.001,
    "summary": "PASS"
}