{
    "results": {
        "sigma_zz_final": {
            "numerical": 780913898.6814574,
            "reference": 808565333.7576076,
            "abs_error": 27651435.07615018,
            "rel_error": 0.034198145680630364,
            "status": "PASS"
        },
        "epsilon_zz_final": {
            "numerical": 0.01,
            "reference": 0.01,
            "abs_error": 0.0,
            "rel_error": 0.0,
            "status": "PASS"
        },
        "saturation_convergence": {
            "numerical": 3.4198145680630363,
            "reference": 0.0,
            "abs_error": 3.4198145680630363,
            "rel_error": 0.034198145680630364,
            "status": "PASS"
        }
    },
    "tolerance": 0.25,
    "summary": "PASS"
}