{
    "results": {
        "sigma_zz_final": {
            "numerical": 780913898.6814574,
            "reference": 2692307692.3076925,
            "abs_error": 1911393793.626235,
            "rel_error": 0.7099462662040301,
            "status": "FAIL"
        },
        "epsilon_zz_final": {
            "numerical": 0.01,
            "reference": 0.01,
            "abs_error": 0.0,
            "rel_error": 0.0,
            "status": "PASS"
        },
        "stress_reduction_percent": {
            "numerical": -70.99462662040301,
            "reference": -20.0,
            "abs_error": 50.99462662040301,
            "rel_error": 2.5497313310201504,
            "status": "FAIL"
        }
    },
    "tolerance": 0.25,
    "summary": "FAIL"
}