{
    "results": {
        "L2_error_sigma_rr": {
            "numerical": 0.00025159192904668026,
            "reference": 0.0,
            "abs_error": 0.00025159192904668026,
            "rel_error": 0.00025159192904668026,
            "status": "PASS"
        },
        "L2_error_sigma_tt": {
            "numerical": 0.0002570308001286641,
            "reference": 0.0,
            "abs_error": 0.0002570308001286641,
            "rel_error": 0.0002570308001286641,
            "status": "PASS"
        },
        "L2_error_sigma_zz": {
            "numerical": 0.0005610719375893003,
            "reference": 0.0,
            "abs_error": 0.0005610719375893003,
            "rel_error": 0.0005610719375893003,
            "status": "PASS"
        },
        "L2_error_strain_rr": {
            "numerical": 0.0008348256399732189,
            "reference": 0.0,
            "abs_error": 0.0008348256399732189,
            "rel_error": 0.0008348256399732189,
            "status": "PASS"
        },
        "L2_error_strain_tt": {
            "numerical": 0.00021958362040385858,
            "reference": 0.0,
            "abs_error": 0.00021958362040385858,
            "rel_error": 0.00021958362040385858,
            "status": "PASS"
        },
        "L2_error_strain_zz": {
            "numerical": 4.500126245738519e-09,
            "reference": 0.0,
            "abs_error": 4.500126245738519e-09,
            "rel_error": 4.500126245738519e-09,
            "status": "PASS"
        }
    },
    "tolerance": 0.007,
    "summary": "PASS"
}