{
    "results": {
        "L2_error_sigma_rr": {
            "numerical": 0.0015495343467032022,
            "reference": 0.0,
            "abs_error": 0.0015495343467032022,
            "rel_error": 0.0015495343467032022,
            "status": "PASS"
        },
        "L2_error_sigma_tt": {
            "numerical": 0.002302555258104305,
            "reference": 0.0,
            "abs_error": 0.002302555258104305,
            "rel_error": 0.002302555258104305,
            "status": "PASS"
        },
        "L2_error_sigma_zz": {
            "numerical": 0.004570741086624695,
            "reference": 0.0,
            "abs_error": 0.004570741086624695,
            "rel_error": 0.004570741086624695,
            "status": "PASS"
        },
        "L2_error_strain_rr": {
            "numerical": 0.006898689553298413,
            "reference": 0.0,
            "abs_error": 0.006898689553298413,
            "rel_error": 0.006898689553298413,
            "status": "PASS"
        },
        "L2_error_strain_tt": {
            "numerical": 0.0010596988323559116,
            "reference": 0.0,
            "abs_error": 0.0010596988323559116,
            "rel_error": 0.0010596988323559116,
            "status": "PASS"
        },
        "L2_error_strain_zz": {
            "numerical": 3.381566551057205e-08,
            "reference": 0.0,
            "abs_error": 3.381566551057205e-08,
            "rel_error": 3.381566551057205e-08,
            "status": "PASS"
        }
    },
    "tolerance": 0.05,
    "summary": "PASS"
}
