{
    "results": {
        "L2_error_T": {
            "numerical": 0.7017600269834282,
            "reference": 0.0,
            "abs_error": 0.7017600269834282,
            "rel_error": 0.001343758507468995,
            "status": "PASS"
        },
        "Linf_error_T": {
            "numerical": 1.2347456520045625,
            "reference": 0.0,
            "abs_error": 1.2347456520045625,
            "rel_error": 0.002364340957939264,
            "status": "PASS"
        },
        "T_max": {
            "numerical": 539.3078878276069,
            "reference": 540.0671637984794,
            "abs_error": 0.7592759708725225,
            "rel_error": 0.001405891751559698,
            "status": "PASS"
        }
    },
    "tolerance": 0.05,
    "summary": "PASS"
}
