{
    "results": {
        "L2_error_T": {
            "numerical": 0.03891222658938334,
            "reference": 0.0,
            "abs_error": 0.03891222658938334,
            "rel_error": 7.6237198267127e-05,
            "status": "PASS"
        },
        "Linf_error_T": {
            "numerical": 0.09638221992372564,
            "reference": 0.0,
            "abs_error": 0.09638221992372564,
            "rel_error": 0.0001888329467056425,
            "status": "PASS"
        },
        "T_max": {
            "numerical": 515.915769733012,
            "reference": 515.9154943091895,
            "abs_error": 0.0002754238224724759,
            "rel_error": 5.338545275544945e-07,
            "status": "PASS"
        },
        "L2_error_sigma_rr": {
            "numerical": 0.0069573414212823845,
            "reference": 0.0,
            "abs_error": 0.0069573414212823845,
            "rel_error": 0.0069573414212823845,
            "status": "PASS"
        },
        "L2_error_sigma_tt": {
            "numerical": 0.011346949610850652,
            "reference": 0.0,
            "abs_error": 0.011346949610850652,
            "rel_error": 0.011346949610850652,
            "status": "PASS"
        },
        "L2_error_sigma_zz": {
            "numerical": 0.010202309483707839,
            "reference": 0.0,
            "abs_error": 0.010202309483707839,
            "rel_error": 0.010202309483707839,
            "status": "PASS"
        }
    },
    "tolerance": 0.7,
    "summary": "PASS"
}
