{
    "results": {
        "epsilon_xx": {
            "numerical": [
                0.0,
                4.999998157717371e-10,
                4.9999969602336264e-08,
                4.999996960233619e-06,
                0.000499999696023362
            ],
            "reference": [
                0.0,
                5e-10,
                5e-08,
                5e-06,
                0.0005
            ],
            "abs_error": [
                0.0,
                1.8422826292269628e-16,
                3.039766373400344e-14,
                3.0397663815530363e-12,
                3.039766380231665e-10
            ],
            "rel_error": [
                0.0,
                1.8422826292269628e-16,
                6.079532746800688e-07,
                6.079532763106073e-07,
                6.07953276046333e-07
            ],
            "status": "PASS"
        }
    },
    "tolerance": 0.01,
    "summary": "PASS"
}
