{
    "results": {
        "epsilon_xx": {
            "numerical": [
                0.0,
                4.999999943113628e-11,
                4.999999888269746e-09,
                4.999999888269884e-07,
                4.999999888269801e-05
            ],
            "reference": [
                0.0,
                5e-11,
                5e-09,
                5e-07,
                5e-05
            ],
            "abs_error": [
                0.0,
                5.688637200930356e-19,
                1.117302540887559e-16,
                1.1173011601576805e-14,
                1.1173019906734853e-12
            ],
            "rel_error": [
                0.0,
                5.688637200930356e-19,
                1.117302540887559e-16,
                2.234602320315361e-08,
                2.2346039813469706e-08
            ],
            "status": "PASS"
        },
        "sigma_xx": {
            "numerical": [
                0.0,
                10.99762185534238,
                1099.762173470914,
                109976.21734712273,
                10997621.73471809
            ],
            "reference": [
                0.0,
                10.0,
                1000.0,
                100000.0,
                10000000.0
            ],
            "abs_error": [
                0.0,
                0.9976218553423806,
                99.76217347091392,
                9976.217347122729,
                997621.7347180899
            ],
            "rel_error": [
                0.0,
                0.09976218553423806,
                0.09976217347091393,
                0.09976217347122729,
                0.09976217347180899
            ],
            "status": "PASS"
        }
    },
    "tolerance": 0.1,
    "summary": "PASS"
}