{
    "results": {
        "L2_error_sigma_rr": {
            "numerical": 0.5769638561116517,
            "reference": 0.0,
            "abs_error": 0.5769638561116517,
            "rel_error": 0.5769638561116517,
            "status": "PASS"
        },
        "L2_error_sigma_tt": {
            "numerical": 0.011961497656470772,
            "reference": 0.0,
            "abs_error": 0.011961497656470772,
            "rel_error": 0.011961497656470772,
            "status": "PASS"
        },
        "L2_error_sigma_zz": {
            "numerical": 0.02083268812933643,
            "reference": 0.0,
            "abs_error": 0.02083268812933643,
            "rel_error": 0.02083268812933643,
            "status": "PASS"
        },
        "L2_error_strain_rr": {
            "numerical": 0.033282158374633865,
            "reference": 0.0,
            "abs_error": 0.033282158374633865,
            "rel_error": 0.033282158374633865,
            "status": "PASS"
        },
        "L2_error_strain_tt": {
            "numerical": 0.01878112842817067,
            "reference": 0.0,
            "abs_error": 0.01878112842817067,
            "rel_error": 0.01878112842817067,
            "status": "PASS"
        },
        "L2_error_strain_zz": {
            "numerical": 1.228312883723746e-06,
            "reference": 0.0,
            "abs_error": 1.228312883723746e-06,
            "rel_error": 1.228312883723746e-06,
            "status": "PASS"
        }
    },
    "tolerance": 0.6,
    "summary": "PASS"
}