{
    "results": {
        "L2_error_sigma_rr": {
            "numerical": 2.717714304827954e-05,
            "reference": 0.0,
            "abs_error": 2.717714304827954e-05,
            "rel_error": 2.717714304827954e-05,
            "status": "PASS"
        },
        "L2_error_sigma_tt": {
            "numerical": 1.0228449347426104e-05,
            "reference": 0.0,
            "abs_error": 1.0228449347426104e-05,
            "rel_error": 1.0228449347426104e-05,
            "status": "PASS"
        },
        "L2_error_sigma_zz": {
            "numerical": 1.4468694410729015e-05,
            "reference": 0.0,
            "abs_error": 1.4468694410729015e-05,
            "rel_error": 1.4468694410729015e-05,
            "status": "PASS"
        },
        "L2_error_strain_rr": {
            "numerical": 1.2779490212840826e-05,
            "reference": 0.0,
            "abs_error": 1.2779490212840826e-05,
            "rel_error": 1.2779490212840826e-05,
            "status": "PASS"
        },
        "L2_error_strain_tt": {
            "numerical": 1.0007554836203554e-05,
            "reference": 0.0,
            "abs_error": 1.0007554836203554e-05,
            "rel_error": 1.0007554836203554e-05,
            "status": "PASS"
        },
        "L2_error_strain_zz": {
            "numerical": 2.55716964300673e-17,
            "reference": 0.0,
            "abs_error": 2.55716964300673e-17,
            "rel_error": 2.55716964300673e-17,
            "status": "PASS"
        }
    },
    "tolerance": 0.007
}