{
    "results": {
        "max_damage": {
            "numerical": 0.9033149901877919,
            "reference": 0.9,
            "rel_error": 0.003314990187791911,
            "status": "PASS"
        },
        "max_stress_yy": {
            "numerical": 137284480.6724424,
            "reference": 155625564.7580114,
            "rel_error": 0.11785392788188946,
            "status": "PASS"
        }
    },
    "tolerance": 0.5,
    "summary": "PASS"
}