{
    "results": {
        "L2_error_T": {
            "numerical": 0.06068301654746404,
            "reference": 0.0,
            "abs_error": 0.06068301654746404,
            "rel_error": 0.0001168878142813072,
            "status": "PASS"
        },
        "Linf_error_T": {
            "numerical": 0.0942803040572926,
            "reference": 0.0,
            "abs_error": 0.0942803040572926,
            "rel_error": 0.0001816030134628258,
            "status": "PASS"
        },
        "T_max": {
            "numerical": 539.8909726988842,
            "reference": 539.9219622614921,
            "abs_error": 0.03098956260794239,
            "rel_error": 5.7396373502090825e-05,
            "status": "PASS"
        },
        "L2_error_sigma_tt": {
            "numerical": 0.054280614058386016,
            "reference": 0.0,
            "abs_error": 0.054280614058386016,
            "rel_error": 0.054280614058386016,
            "status": "PASS"
        },
        "L2_error_sigma_zz": {
            "numerical": 0.05286298157359763,
            "reference": 0.0,
            "abs_error": 0.05286298157359763,
            "rel_error": 0.05286298157359763,
            "status": "PASS"
        }
    },
    "tolerance": 0.7,
    "summary": "PASS"
}
