{
    "results": {
        "sigma_xx": {
            "numerical": 125000000.00000027,
            "reference": 125000000.0,
            "abs_error": 2.682209014892578e-07,
            "rel_error": 2.1457672119140624e-15,
            "status": "PASS"
        },
        "sigma_von_mises": {
            "numerical": 125000000.00000037,
            "reference": 125000000.0,
            "abs_error": 3.725290298461914e-07,
            "rel_error": 2.980232238769531e-15,
            "status": "PASS"
        },
        "ux_displacement": {
            "numerical": 6.250000000000019e-05,
            "reference": 6.25e-05,
            "abs_error": 1.8973538018496328e-19,
            "rel_error": 3.0357660829594124e-15,
            "status": "PASS"
        }
    },
    "tolerance": 0.01
}