{
    "results": {
        "L2_error_sigma_rr": {
            "numerical": 0.02399718571439342,
            "reference": 0.0,
            "abs_error": 0.02399718571439342,
            "rel_error": 0.02399718571439342,
            "status": "PASS"
        },
        "L2_error_sigma_tt": {
            "numerical": 0.01630026852766702,
            "reference": 0.0,
            "abs_error": 0.01630026852766702,
            "rel_error": 0.01630026852766702,
            "status": "PASS"
        },
        "L2_error_sigma_zz": {
            "numerical": 1.84656167663227e-05,
            "reference": 0.0,
            "abs_error": 1.84656167663227e-05,
            "rel_error": 1.84656167663227e-05,
            "status": "PASS"
        },
        "L2_error_strain_rr": {
            "numerical": 0.020072873333745203,
            "reference": 0.0,
            "abs_error": 0.020072873333745203,
            "rel_error": 0.020072873333745203,
            "status": "PASS"
        },
        "L2_error_strain_tt": {
            "numerical": 0.016874427194578608,
            "reference": 0.0,
            "abs_error": 0.016874427194578608,
            "rel_error": 0.016874427194578608,
            "status": "PASS"
        },
        "L2_error_strain_zz": {
            "numerical": 3.295534382597377e-08,
            "reference": 0.0,
            "abs_error": 3.295534382597377e-08,
            "rel_error": 3.295534382597377e-08,
            "status": "PASS"
        }
    },
    "tolerance": 0.03,
    "summary": "PASS"
}