{
    "results": {
        "epsilon_xx": {
            "numerical": [
                0.0,
                4.999998157705879e-10,
                4.999996960222137e-08,
                4.999996960222132e-06,
                0.0004999996960222135
            ],
            "reference": [
                0.0,
                5e-10,
                5e-08,
                5e-06,
                0.0005
            ],
            "abs_error": [
                0.0,
                1.8422941208336227e-16,
                3.03977786260818e-14,
                3.039777868166834e-12,
                3.039777865185278e-10
            ],
            "rel_error": [
                0.0,
                1.8422941208336227e-16,
                6.079555725216361e-07,
                6.079555736333668e-07,
                6.079555730370556e-07
            ],
            "status": "PASS"
        }
    },
    "tolerance": 0.01,
    "summary": "PASS"
}
