{
    "results": {
        "L2_error_T": {
            "numerical": 0.00977097336276781,
            "reference": 0.0,
            "abs_error": 0.00977097336276781,
            "rel_error": 1.9417827410146095e-05,
            "status": "PASS"
        },
        "Linf_error_T": {
            "numerical": 0.017589395867275925,
            "reference": 0.0,
            "abs_error": 0.017589395867275925,
            "rel_error": 3.4955356085706406e-05,
            "status": "PASS"
        },
        "T_max": {
            "numerical": 512.6859599345916,
            "reference": 512.6689799653354,
            "abs_error": 0.01697996925611278,
            "rel_error": 3.312072686211851e-05,
            "status": "PASS"
        }
    },
    "tolerance": 0.003,
    "summary": "PASS"
}
