{
    "results": {
        "L2_error_T": {
            "numerical": 0.42971916989911335,
            "reference": 0.0,
            "abs_error": 0.42971916989911335,
            "rel_error": 0.0008266453216421635,
            "status": "PASS"
        },
        "Linf_error_T": {
            "numerical": 0.714643822447897,
            "reference": 0.0,
            "abs_error": 0.714643822447897,
            "rel_error": 0.0013747512651244326,
            "status": "PASS"
        },
        "T_max": {
            "numerical": 540.7553743951017,
            "reference": 540.0872674529384,
            "abs_error": 0.6681069421633765,
            "rel_error": 0.001237035165287605,
            "status": "PASS"
        }
    },
    "tolerance": 0.003,
    "summary": "PASS"
}
