{
    "results": {
        "epsilon_xx": {
            "numerical": [
                0.0,
                0.0002,
                0.0004,
                0.0006000000000000001,
                0.0008,
                0.0010000000000000002,
                0.0012,
                0.0013999999999999998,
                0.0016,
                0.0018000000000000002,
                0.002,
                0.0021999999999999997,
                0.0024000000000000002,
                0.0025999999999999994,
                0.0027999999999999995,
                0.002999999999999999,
                0.0032,
                0.0034000000000000002,
                0.0036000000000000003,
                0.0038000000000000004,
                0.004
            ],
            "reference": [
                0.0,
                0.0002,
                0.0004,
                0.0006000000000000001,
                0.0008,
                0.001,
                0.0012000000000000001,
                0.0014,
                0.0016,
                0.0018,
                0.002,
                0.0022,
                0.0024000000000000002,
                0.0026000000000000003,
                0.0028,
                0.003,
                0.0032,
                0.0034000000000000002,
                0.0036,
                0.0038,
                0.004
            ],
            "rel_error": [
                0.0,
                0.0,
                0.0,
                0.0,
                0.0,
                2.1684043449710089e-16,
                1.807003620809174e-16,
                1.5488602464078636e-16,
                0.0,
                1.2046690805394493e-16,
                0.0,
                1.9712766772463715e-16,
                0.0,
                3.3360066845707826e-16,
                1.5488602464078636e-16,
                2.8912057932946783e-16,
                0.0,
                0.0,
                1.2046690805394493e-16,
                1.1412654447215835e-16,
                0.0
            ],
            "status": "PASS"
        },
        "sigma_xx": {
            "numerical": [
                0.0,
                43956043.956043944,
                87912087.91208789,
                131868131.86813188,
                175824175.82417583,
                219780219.78021973,
                228662190.78537378,
                232319264.1766301,
                235624672.51594234,
                238684059.82451716,
                241572488.249156,
                244342677.36288834,
                247031342.16047984,
                249663898.47691375,
                252257868.82630295,
                254825302.99557716,
                257374476.00019723,
                259911068.0836215,
                262438979.44830972,
                264960890.33196035,
                267478644.96396723
            ],
            "reference": [
                0.0,
                43956043.95604396,
                87912087.91208792,
                131868131.86813189,
                175824175.82417583,
                219780219.7802198,
                227126138.05662692,
                229519914.2385539,
                231913690.4204809,
                234307466.6024079,
                236701242.7843349,
                239095018.9662619,
                241488795.14818886,
                243882571.33011585,
                246276347.51204285,
                248670123.69396985,
                251063899.87589684,
                253457676.05782384,
                255851452.2397508,
                258245228.4216778,
                260639004.6036048
            ],
            "rel_error": [
                0.0,
                3.3900141716003416e-16,
                3.3900141716003416e-16,
                1.1300047238667804e-16,
                0.0,
                2.712011337280273e-16,
                0.006762994087293879,
                0.0121965448939941,
                0.016001565447615773,
                0.018678846583817237,
                0.020579720695676398,
                0.02194800384932706,
                0.02295157010862478,
                0.023705372283337033,
                0.024287843208197653,
                0.02475238766190621,
                0.025135338562890824,
                0.02546141875113456,
                0.025747468505224434,
                0.02600497965180921,
                0.02624181430850908
            ],
            "status": "PASS"
        },
        "u_xx": {
            "numerical": [
                0.0,
                2e-05,
                4e-05,
                6e-05,
                8e-05,
                0.0001,
                0.00012,
                0.00014,
                0.00016,
                0.00018,
                0.0002,
                0.00022,
                0.00024,
                0.00026,
                0.00028,
                0.0003,
                0.00032,
                0.00034,
                0.00036,
                0.00038,
                0.0004
            ],
            "reference": [
                0.0,
                2e-05,
                4e-05,
                6.000000000000001e-05,
                8e-05,
                0.0001,
                0.00012000000000000002,
                0.00014000000000000001,
                0.00016,
                0.00018,
                0.0002,
                0.00022,
                0.00024000000000000003,
                0.00026000000000000003,
                0.00028000000000000003,
                0.00030000000000000003,
                0.00032,
                0.00034,
                0.00036,
                0.00038,
                0.0004
            ],
            "rel_error": [
                0.0,
                0.0,
                0.0,
                1.1293772630057336e-16,
                0.0,
                0.0,
                1.1293772630057336e-16,
                1.9360753080098292e-16,
                0.0,
                0.0,
                0.0,
                0.0,
                1.1293772630057336e-16,
                2.085004177856739e-16,
                1.9360753080098292e-16,
                1.807003620809174e-16,
                0.0,
                0.0,
                0.0,
                0.0,
                0.0
            ],
            "status": "PASS"
        }
    },
    "tolerance": 0.03,
    "summary": "PASS"
}