{
    "results": {
        "L2_error_T": {
            "numerical": 0.00015401546475251107,
            "reference": 0.0,
            "abs_error": 0.00015401546475251107,
            "rel_error": 3.447737264866723e-07,
            "status": "PASS"
        },
        "Linf_error_T": {
            "numerical": 0.0002835557651792442,
            "reference": 0.0,
            "abs_error": 0.0002835557651792442,
            "rel_error": 6.347581912291954e-07,
            "status": "PASS"
        },
        "T_max": {
            "numerical": 499.9999654627619,
            "reference": 500.0,
            "abs_error": 3.453723809343501e-05,
            "rel_error": 6.907447618687002e-08,
            "status": "PASS"
        },
        "L2_error_sigma_rr": {
            "numerical": 0.0345744560954913,
            "reference": 0.0,
            "abs_error": 0.0345744560954913,
            "rel_error": 0.0345744560954913,
            "status": "FAIL"
        },
        "L2_error_sigma_tt": {
            "numerical": 0.026763623047717896,
            "reference": 0.0,
            "abs_error": 0.026763623047717896,
            "rel_error": 0.026763623047717896,
            "status": "PASS"
        },
        "L2_error_sigma_zz": {
            "numerical": 0.02609297705891442,
            "reference": 0.0,
            "abs_error": 0.02609297705891442,
            "rel_error": 0.02609297705891442,
            "status": "PASS"
        }
    },
    "tolerance": 0.03,
    "summary": "FAIL"
}
