{
    "results": {
        "L2_error_T": {
            "numerical": 0.00015386049099462383,
            "reference": 0.0,
            "abs_error": 0.00015386049099462383,
            "rel_error": 3.44426807558107e-07,
            "status": "PASS"
        },
        "Linf_error_T": {
            "numerical": 0.0002835557657476784,
            "reference": 0.0,
            "abs_error": 0.0002835557657476784,
            "rel_error": 6.347581925016726e-07,
            "status": "PASS"
        },
        "T_max": {
            "numerical": 500.0,
            "reference": 500.0,
            "abs_error": 0.0,
            "rel_error": 0.0,
            "status": "PASS"
        },
        "L2_error_sigma_rr": {
            "numerical": 0.03457448148264273,
            "reference": 0.0,
            "abs_error": 0.03457448148264273,
            "rel_error": 0.03457448148264273,
            "status": "PASS"
        },
        "L2_error_sigma_tt": {
            "numerical": 0.026763621948523986,
            "reference": 0.0,
            "abs_error": 0.026763621948523986,
            "rel_error": 0.026763621948523986,
            "status": "PASS"
        },
        "L2_error_sigma_zz": {
            "numerical": 0.026092976851292936,
            "reference": 0.0,
            "abs_error": 0.026092976851292936,
            "rel_error": 0.026092976851292936,
            "status": "PASS"
        }
    },
    "tolerance": 0.04,
    "summary": "PASS"
}