{
    "results": {
        "L2_error_T": {
            "numerical": 1.0903955033735671e-08,
            "reference": 0.0,
            "abs_error": 1.0903955033735671e-08,
            "rel_error": 2.2484219212059465e-11,
            "status": "PASS"
        },
        "Linf_error_T": {
            "numerical": 1.5115062979020877e-08,
            "reference": 0.0,
            "abs_error": 1.5115062979020877e-08,
            "rel_error": 3.1167625725980086e-11,
            "status": "PASS"
        },
        "T_max": {
            "numerical": 490.0,
            "reference": 490.0,
            "abs_error": 0.0,
            "rel_error": 0.0,
            "status": "PASS"
        },
        "L2_error_sigma_rr": {
            "numerical": 0.01689052796482964,
            "reference": 0.0,
            "abs_error": 0.01689052796482964,
            "rel_error": 0.01689052796482964,
            "status": "PASS"
        },
        "L2_error_sigma_tt": {
            "numerical": 0.00023194813909966158,
            "reference": 0.0,
            "abs_error": 0.00023194813909966158,
            "rel_error": 0.00023194813909966158,
            "status": "PASS"
        },
        "L2_error_sigma_zz": {
            "numerical": 1.2148860902063741e-05,
            "reference": 0.0,
            "abs_error": 1.2148860902063741e-05,
            "rel_error": 1.2148860902063741e-05,
            "status": "PASS"
        }
    },
    "tolerance": 0.02
}