{
    "results": {
        "L2_error_T": {
            "numerical": 0.1471736903850694,
            "reference": 0.0,
            "abs_error": 0.1471736903850694,
            "rel_error": 0.00028760833415539364,
            "status": "PASS"
        },
        "Linf_error_T": {
            "numerical": 0.1782174504894556,
            "reference": 0.0,
            "abs_error": 0.1782174504894556,
            "rel_error": 0.0003482743683234678,
            "status": "PASS"
        },
        "T_max": {
            "numerical": 514.997033074905,
            "reference": 515.1751553204224,
            "abs_error": 0.17812224551744293,
            "rel_error": 0.0003457508454705208,
            "status": "PASS"
        },
        "L2_error_sigma_rr": {
            "numerical": 0.01750047884094472,
            "reference": 0.0,
            "abs_error": 0.01750047884094472,
            "rel_error": 0.01750047884094472,
            "status": "PASS"
        },
        "L2_error_sigma_tt": {
            "numerical": 0.024550085074911358,
            "reference": 0.0,
            "abs_error": 0.024550085074911358,
            "rel_error": 0.024550085074911358,
            "status": "PASS"
        },
        "L2_error_sigma_zz": {
            "numerical": 0.007159567784637324,
            "reference": 0.0,
            "abs_error": 0.007159567784637324,
            "rel_error": 0.007159567784637324,
            "status": "PASS"
        }
    },
    "tolerance": 0.7,
    "summary": "PASS"
}
