{
    "results": {
        "L2_error_T": {
            "numerical": 1.17955741281013e-05,
            "reference": 0.0,
            "abs_error": 1.17955741281013e-05,
            "rel_error": 2.4322759366466774e-08,
            "status": "PASS"
        },
        "Linf_error_T": {
            "numerical": 2.3192186404230597e-05,
            "reference": 0.0,
            "abs_error": 2.3192186404230597e-05,
            "rel_error": 4.782284973721278e-08,
            "status": "PASS"
        },
        "T_max": {
            "numerical": 490.0,
            "reference": 490.0,
            "abs_error": 0.0,
            "rel_error": 0.0,
            "status": "PASS"
        },
        "L2_error_sigma_rr": {
            "numerical": 0.017692431036891505,
            "reference": 0.0,
            "abs_error": 0.017692431036891505,
            "rel_error": 0.017692431036891505,
            "status": "PASS"
        },
        "L2_error_sigma_tt": {
            "numerical": 0.0004305024694233176,
            "reference": 0.0,
            "abs_error": 0.0004305024694233176,
            "rel_error": 0.0004305024694233176,
            "status": "PASS"
        },
        "L2_error_sigma_zz": {
            "numerical": 8.490543686743044e-05,
            "reference": 0.0,
            "abs_error": 8.490543686743044e-05,
            "rel_error": 8.490543686743044e-05,
            "status": "PASS"
        }
    },
    "tolerance": 0.02,
    "summary": "PASS"
}