{
    "results": {
        "L2_error_T": {
            "numerical": 1.1831626082131049e-05,
            "reference": 0.0,
            "abs_error": 1.1831626082131049e-05,
            "rel_error": 2.4397099368321152e-08,
            "status": "PASS"
        },
        "Linf_error_T": {
            "numerical": 2.3192197886601207e-05,
            "reference": 0.0,
            "abs_error": 2.3192197886601207e-05,
            "rel_error": 4.782287341413891e-08,
            "status": "PASS"
        },
        "T_max": {
            "numerical": 489.9999957787214,
            "reference": 490.0,
            "abs_error": 4.221278572913434e-06,
            "rel_error": 8.614854230435579e-09,
            "status": "PASS"
        },
        "L2_error_sigma_rr": {
            "numerical": 0.01764628221698099,
            "reference": 0.0,
            "abs_error": 0.01764628221698099,
            "rel_error": 0.01764628221698099,
            "status": "PASS"
        },
        "L2_error_sigma_tt": {
            "numerical": 0.0004308496163187944,
            "reference": 0.0,
            "abs_error": 0.0004308496163187944,
            "rel_error": 0.0004308496163187944,
            "status": "PASS"
        },
        "L2_error_sigma_zz": {
            "numerical": 8.346971964945454e-05,
            "reference": 0.0,
            "abs_error": 8.346971964945454e-05,
            "rel_error": 8.346971964945454e-05,
            "status": "PASS"
        }
    },
    "tolerance": 0.02,
    "summary": "PASS"
}