{
    "results": {
        "L2_error_T": {
            "numerical": 2.890089678934496e-06,
            "reference": 0.0,
            "abs_error": 2.890089678934496e-06,
            "rel_error": 5.959022256125562e-09,
            "status": "PASS"
        },
        "Linf_error_T": {
            "numerical": 5.874490909718588e-06,
            "reference": 0.0,
            "abs_error": 5.874490909718588e-06,
            "rel_error": 1.2112503750169541e-08,
            "status": "PASS"
        },
        "T_max": {
            "numerical": 490.000003847554,
            "reference": 490.0,
            "abs_error": 3.847554012281762e-06,
            "rel_error": 7.852151045472984e-09,
            "status": "PASS"
        }
    },
    "tolerance": 0.002,
    "summary": "PASS"
}
