{
    "results": {
        "epsilon_xx": {
            "numerical": [
                0.0,
                4.999999943113628e-11,
                4.999999888269746e-09,
                4.999999888269884e-07,
                4.999999888269801e-05
            ],
            "reference": [
                0.0,
                5e-11,
                5e-09,
                5e-07,
                5e-05
            ],
            "abs_error": [
                0.0,
                5.688637200930356e-19,
                1.117302540887559e-16,
                1.1173011601576805e-14,
                1.1173019906734853e-12
            ],
            "rel_error": [
                0.0,
                5.688637200930356e-19,
                1.117302540887559e-16,
                2.234602320315361e-08,
                2.2346039813469706e-08
            ],
            "status": "PASS"
        },
        "sigma_xx": {
            "numerical": [
                0.0,
                10.99762185534238,
                1099.762173470914,
                109976.21734712273,
                10997621.73471809
            ],
            "reference": [
                0.0,
                10.989010989010989,
                1098.901098901099,
                109890.10989010989,
                10989010.989010988
            ],
            "abs_error": [
                0.0,
                0.00861086633139152,
                0.8610745698149458,
                86.10745701284031,
                8610.74570710212
            ],
            "rel_error": [
                0.0,
                0.0007835888361566283,
                0.0007835778585316007,
                0.0007835778588168469,
                0.000783577859346293
            ],
            "status": "PASS"
        },
        "u_xx": {
            "numerical": [
                0.0,
                4.99999994311362e-11,
                4.9999998882697386e-09,
                4.999999888269876e-07,
                4.999999888269793e-05
            ],
            "reference": [
                0.0,
                5e-11,
                5e-09,
                5e-07,
                5e-05
            ],
            "abs_error": [
                0.0,
                5.688638041035665e-19,
                1.1173026153338141e-16,
                1.1173012342730634e-14,
                1.1173020719886483e-12
            ],
            "rel_error": [
                0.0,
                5.688638041035665e-19,
                1.1173026153338141e-16,
                2.234602468546127e-08,
                2.2346041439772965e-08
            ],
            "status": "PASS"
        }
    },
    "tolerance": 0.001,
    "summary": "PASS"
}