{
    "results": {
        "L2_error_T": {
            "numerical": 0.0006231790542288868,
            "reference": 0.0,
            "abs_error": 0.0006231790542288868,
            "rel_error": 1.3950272145734659e-06,
            "status": "PASS"
        },
        "Linf_error_T": {
            "numerical": 0.001629286772811156,
            "reference": 0.0,
            "abs_error": 0.001629286772811156,
            "rel_error": 3.647265377410017e-06,
            "status": "PASS"
        },
        "T_max": {
            "numerical": 500.0,
            "reference": 500.0,
            "abs_error": 0.0,
            "rel_error": 0.0,
            "status": "PASS"
        },
        "L2_error_sigma_rr": {
            "numerical": 0.005436422430476036,
            "reference": 0.0,
            "abs_error": 0.005436422430476036,
            "rel_error": 0.005436422430476036,
            "status": "PASS"
        },
        "L2_error_sigma_tt": {
            "numerical": 0.0003660957781431171,
            "reference": 0.0,
            "abs_error": 0.0003660957781431171,
            "rel_error": 0.0003660957781431171,
            "status": "PASS"
        },
        "L2_error_sigma_zz": {
            "numerical": 0.00032224851855310754,
            "reference": 0.0,
            "abs_error": 0.00032224851855310754,
            "rel_error": 0.00032224851855310754,
            "status": "PASS"
        }
    },
    "tolerance": 0.03,
    "summary": "PASS"
}