{
    "results": {
        "epsilon_xx": {
            "numerical": [
                0.0,
                4.999998157713522e-10,
                4.9999969602297763e-08,
                4.999996960229771e-06,
                0.0004999996960229768
            ],
            "reference": [
                0.0,
                5e-10,
                5e-08,
                5e-06,
                0.0005
            ],
            "abs_error": [
                0.0,
                1.8422864787187385e-16,
                3.039770223429787e-14,
                3.0397702296237157e-12,
                3.0397702324019837e-10
            ],
            "rel_error": [
                0.0,
                1.8422864787187385e-16,
                6.079540446859574e-07,
                6.079540459247431e-07,
                6.079540464803967e-07
            ],
            "status": "PASS"
        }
    },
    "tolerance": 0.01,
    "summary": "PASS"
}
