{
    "results": {
        "epsilon_xx": {
            "numerical": [
                0.0,
                4.999498207894014e-10,
                4.999497010530006e-08,
                4.999497010530005e-06,
                0.0004999497010530003
            ],
            "reference": [
                0.0,
                5e-10,
                5e-08,
                5e-06,
                0.0005
            ],
            "abs_error": [
                0.0,
                5.0179210598680574e-14,
                5.02989469993649e-12,
                5.029894699956871e-10,
                5.029894699967036e-08
            ],
            "rel_error": [
                0.0,
                5.0179210598680574e-14,
                0.0001005978939987298,
                0.00010059789399913741,
                0.00010059789399934072
            ],
            "status": "PASS"
        }
    },
    "tolerance": 0.01,
    "summary": "PASS"
}
