{
    "results": {
        "L2_error_T": {
            "numerical": 0.003516990817376245,
            "reference": 0.0,
            "abs_error": 0.003516990817376245,
            "rel_error": 1.0040648714524183e-05,
            "status": "PASS"
        },
        "Linf_error_T": {
            "numerical": 0.005023274893062535,
            "reference": 0.0,
            "abs_error": 0.005023274893062535,
            "rel_error": 1.4340935537431129e-05,
            "status": "PASS"
        }
    },
    "tolerance": 0.05,
    "summary": "PASS"
}