{
    "results": {
        "L2_error_T": {
            "numerical": 0.0005826696487657631,
            "reference": 0.0,
            "abs_error": 0.0005826696487657631,
            "rel_error": 1.201380719104666e-06,
            "status": "PASS"
        },
        "Linf_error_T": {
            "numerical": 0.0011370542058557476,
            "reference": 0.0,
            "abs_error": 0.0011370542058557476,
            "rel_error": 2.3444416615582423e-06,
            "status": "PASS"
        },
        "T_max": {
            "numerical": 490.0009024769946,
            "reference": 490.0,
            "abs_error": 0.000902476994610879,
            "rel_error": 1.8417897849201614e-06,
            "status": "PASS"
        }
    },
    "tolerance": 0.002,
    "summary": "PASS"
}
