{
    "results": {
        "L2_error_T": {
            "numerical": 0.09054029384395355,
            "reference": 0.0,
            "abs_error": 0.09054029384395355,
            "rel_error": 0.00017190810285050824,
            "status": "PASS"
        },
        "Linf_error_T": {
            "numerical": 0.14124755726140847,
            "reference": 0.0,
            "abs_error": 0.14124755726140847,
            "rel_error": 0.0002681855621423834,
            "status": "PASS"
        },
        "T_max": {
            "numerical": 539.9383152294172,
            "reference": 539.9219622614921,
            "abs_error": 0.016352967925058692,
            "rel_error": 3.0287650934893274e-05,
            "status": "PASS"
        },
        "L2_error_sigma_tt": {
            "numerical": 0.0029812261931826184,
            "reference": 0.0,
            "abs_error": 0.0029812261931826184,
            "rel_error": 0.0029812261931826184,
            "status": "PASS"
        },
        "L2_error_sigma_zz": {
            "numerical": 0.0029915711339622043,
            "reference": 0.0,
            "abs_error": 0.0029915711339622043,
            "rel_error": 0.0029915711339622043,
            "status": "PASS"
        }
    },
    "tolerance": 0.02,
    "summary": "PASS"
}