{
    "results": {
        "L2_error_T": {
            "numerical": 0.0032744242744561372,
            "reference": 0.0,
            "abs_error": 0.0032744242744561372,
            "rel_error": 6.407932509714997e-06,
            "status": "PASS"
        },
        "Linf_error_T": {
            "numerical": 0.005552546741682818,
            "reference": 0.0,
            "abs_error": 0.005552546741682818,
            "rel_error": 1.0866137615490007e-05,
            "status": "PASS"
        },
        "T_max": {
            "numerical": 515.9210468559312,
            "reference": 515.9154943091895,
            "abs_error": 0.005552546741682818,
            "rel_error": 1.0762512083723468e-05,
            "status": "PASS"
        },
        "L2_error_sigma_rr": {
            "numerical": 0.013155636551476778,
            "reference": 0.0,
            "abs_error": 0.013155636551476778,
            "rel_error": 0.013155636551476778,
            "status": "PASS"
        },
        "L2_error_sigma_tt": {
            "numerical": 0.01222600761765658,
            "reference": 0.0,
            "abs_error": 0.01222600761765658,
            "rel_error": 0.01222600761765658,
            "status": "PASS"
        },
        "L2_error_sigma_zz": {
            "numerical": 0.01351108274661702,
            "reference": 0.0,
            "abs_error": 0.01351108274661702,
            "rel_error": 0.01351108274661702,
            "status": "PASS"
        }
    },
    "tolerance": 0.02,
    "summary": "PASS"
}