{
    "results": {
        "epsilon_xx": {
            "numerical": [
                0.0,
                5.000000000000013e-11,
                5.0000000000000125e-09,
                5.000000000000011e-07,
                5.000000000000013e-05
            ],
            "reference": [
                0.0,
                5e-11,
                5e-09,
                5e-07,
                5e-05
            ],
            "abs_error": [
                0.0,
                1.2924697071141057e-25,
                1.2407709188295415e-23,
                1.164670302474663e-21,
                1.2874900798265365e-19
            ],
            "rel_error": [
                0.0,
                1.2924697071141057e-25,
                1.2407709188295415e-23,
                2.329340604949326e-15,
                2.574980159653073e-15
            ],
            "status": "PASS"
        },
        "sigma_xx": {
            "numerical": [
                0.0,
                10.997083384393298,
                1099.70833558787,
                109970.83355878659,
                10997083.355878912
            ],
            "reference": [
                0.0,
                10.989010989010989,
                1098.901098901099,
                109890.10989010989,
                10989010.989010988
            ],
            "abs_error": [
                0.0,
                0.008072395382308528,
                0.8072366867709206,
                80.72366867669916,
                8072.366867924109
            ],
            "rel_error": [
                0.0,
                0.0007345879797900761,
                0.0007345853849615377,
                0.0007345853849579624,
                0.000734585384981094
            ],
            "status": "PASS"
        },
        "u_xx": {
            "numerical": [
                0.0,
                5e-11,
                5e-09,
                5e-07,
                5e-05
            ],
            "reference": [
                0.0,
                5e-11,
                5e-09,
                5e-07,
                5e-05
            ],
            "abs_error": [
                0.0,
                0.0,
                0.0,
                0.0,
                0.0
            ],
            "rel_error": [
                0.0,
                0.0,
                0.0,
                0.0,
                0.0
            ],
            "status": "PASS"
        }
    },
    "tolerance": 0.001
}