{
    "results": {
        "u_x_free": {
            "numerical": 0.006000000088405811,
            "reference": 0.006,
            "abs_error": 8.840581044999851e-11,
            "rel_error": 1.4734301741666418e-08,
            "status": "PASS"
        },
        "stress_free_residual": {
            "numerical": 406.61034682104355,
            "reference": 0.0,
            "abs_error": 406.61034682104355,
            "rel_error": 1.355367822736812e-08,
            "status": "PASS"
        }
    },
    "tolerance": 0.01,
    "summary": "PASS"
}