{
    "results": {
        "L2_error_sigma_rr": {
            "numerical": 0.010634508156821583,
            "reference": 0.0,
            "abs_error": 0.010634508156821583,
            "rel_error": 0.010634508156821583,
            "status": "PASS"
        },
        "L2_error_sigma_tt": {
            "numerical": 0.0025968486069221745,
            "reference": 0.0,
            "abs_error": 0.0025968486069221745,
            "rel_error": 0.0025968486069221745,
            "status": "PASS"
        },
        "L2_error_sigma_zz": {
            "numerical": 0.21634960647647192,
            "reference": 0.0,
            "abs_error": 0.21634960647647192,
            "rel_error": 0.21634960647647192,
            "status": "PASS"
        },
        "L2_error_strain_rr": {
            "numerical": 0.010261648490814835,
            "reference": 0.0,
            "abs_error": 0.010261648490814835,
            "rel_error": 0.010261648490814835,
            "status": "PASS"
        },
        "L2_error_strain_tt": {
            "numerical": 0.0013822744019361716,
            "reference": 0.0,
            "abs_error": 0.0013822744019361716,
            "rel_error": 0.0013822744019361716,
            "status": "PASS"
        },
        "L2_error_strain_zz": {
            "numerical": 0.02549797916196447,
            "reference": 0.0,
            "abs_error": 0.02549797916196447,
            "rel_error": 0.02549797916196447,
            "status": "PASS"
        }
    },
    "tolerance": 0.3,
    "summary": "PASS"
}