{
    "results": {
        "epsilon_xx": {
            "numerical": [
                0.0,
                4.5300778433667273e-10,
                4.510357696694134e-08,
                4.510283092254316e-06,
                0.0004529844672410728
            ],
            "reference": [
                0.0,
                4.55e-10,
                4.55e-08,
                4.55e-06,
                0.000455
            ],
            "abs_error": [
                0.0,
                1.9922156633272518e-12,
                3.964230330586552e-10,
                3.971690774568402e-08,
                2.0155327589272114e-06
            ],
            "rel_error": [
                0.0,
                1.9922156633272518e-12,
                0.008712594133157258,
                0.008728990713337147,
                0.0044297423273125525
            ],
            "status": "PASS"
        },
        "sigma_xx": {
            "numerical": [
                0.0,
                99.5627531036843,
                9912.969320315757,
                991275.9838872941,
                99557940.13249306
            ],
            "reference": [
                0.0,
                100.0,
                10000.0,
                1000000.0,
                100000000.0
            ],
            "abs_error": [
                0.0,
                0.437246896315699,
                87.0306796842433,
                8724.016112705925,
                442059.8675069362
            ],
            "rel_error": [
                0.0,
                0.00437246896315699,
                0.00870306796842433,
                0.008724016112705926,
                0.004420598675069362
            ],
            "status": "PASS"
        },
        "u_xx": {
            "numerical": [
                0.0,
                4.5300788813825124e-10,
                4.510362680824935e-08,
                4.510286890069519e-06,
                0.00045298455994756555
            ],
            "reference": [
                0.0,
                4.55e-10,
                4.55e-08,
                4.55e-06,
                0.000455
            ],
            "abs_error": [
                0.0,
                1.992111861748744e-12,
                3.9637319175064576e-10,
                3.971310993048076e-08,
                2.015440052434447e-06
            ],
            "rel_error": [
                0.0,
                1.992111861748744e-12,
                0.008711498719794413,
                0.008728156028677091,
                0.004429538576779004
            ],
            "status": "PASS"
        }
    },
    "tolerance": 0.1,
    "summary": "PASS"
}