{
    "results": {
        "L2_error_T": {
            "numerical": 0.048181750549854796,
            "reference": 0.0,
            "abs_error": 0.048181750549854796,
            "rel_error": 9.351361585820585e-05,
            "status": "PASS"
        },
        "Linf_error_T": {
            "numerical": 0.09212053889348226,
            "reference": 0.0,
            "abs_error": 0.09212053889348226,
            "rel_error": 0.00017879227276772268,
            "status": "PASS"
        },
        "T_max": {
            "numerical": 540.0140828003856,
            "reference": 539.9219622614921,
            "abs_error": 0.09212053889348226,
            "rel_error": 0.00017061824732528093,
            "status": "PASS"
        }
    },
    "tolerance": 0.003,
    "summary": "PASS"
}