{
    "results": {
        "L2_error_T": {
            "numerical": 0.8404667598071248,
            "reference": 0.0,
            "abs_error": 0.8404667598071248,
            "rel_error": 0.0016074873610552856,
            "status": "PASS"
        },
        "Linf_error_T": {
            "numerical": 1.2301832088936635,
            "reference": 0.0,
            "abs_error": 1.2301832088936635,
            "rel_error": 0.0023528639735053976,
            "status": "PASS"
        },
        "T_max": {
            "numerical": 539.37877793428,
            "reference": 540.0931926321546,
            "abs_error": 0.7144146978745312,
            "rel_error": 0.001322761900391333,
            "status": "PASS"
        },
        "L2_error_sigma_tt": {
            "numerical": 0.027833767760806646,
            "reference": 0.0,
            "abs_error": 0.027833767760806646,
            "rel_error": 0.027833767760806646,
            "status": "PASS"
        },
        "L2_error_sigma_zz": {
            "numerical": 0.027823310310851408,
            "reference": 0.0,
            "abs_error": 0.027823310310851408,
            "rel_error": 0.027823310310851408,
            "status": "PASS"
        }
    },
    "tolerance": 0.03,
    "summary": "PASS"
}
