{
    "results": {
        "sigma_xx": {
            "numerical": 0.6605588248570515,
            "reference": 0.7,
            "abs_error": 0.039441175142948426,
            "rel_error": 0.05634453591849776,
            "status": "PASS"
        },
        "sigma_von_mises": {
            "numerical": 3.655201917890994,
            "reference": 3.5,
            "abs_error": 0.1552019178909938,
            "rel_error": 0.04434340511171252,
            "status": "PASS"
        },
        "u_displacement": {
            "numerical": 2.9239651315138172e-12,
            "reference": 0.0,
            "abs_error": 0.0,
            "rel_error": 0.0,
            "status": "PASS"
        }
    },
    "tolerance": 0.06,
    "summary": "PASS"
}