{
    "results": {
        "integrated_power": {
            "numerical": 8029.509,
            "reference": 8000.0,
            "abs_error": 29.509000000000015,
            "rel_error": 0.003688625000000002,
            "status": "PASS"
        },
        "dT_centre_mid": {
            "numerical": 530.75316512371,
            "reference": 525.7311121191336,
            "abs_error": 5.022053004576378,
            "rel_error": 0.009552512470364038,
            "status": "PASS"
        },
        "axial_peaking": {
            "numerical": 1.3258260560161206,
            "reference": 1.3213063996776495,
            "abs_error": 0.0045196563384710675,
            "rel_error": 0.003420596721225068,
            "status": "PASS"
        },
        "elongation_u_top": {
            "numerical": 0.000878441576879619,
            "reference": 0.0008753521870054244,
            "abs_error": 3.0893898741946252e-06,
            "rel_error": 0.0035293107392161925,
            "status": "PASS"
        }
    },
    "tolerance": 0.03,
    "summary": "PASS",
    "regression": "FAIL"
}