{
    "results": {
        "L2_error_T": {
            "numerical": 0.026306446193783826,
            "reference": 0.0,
            "abs_error": 0.026306446193783826,
            "rel_error": 4.55128826882073e-05,
            "status": "PASS"
        },
        "Linf_error_T": {
            "numerical": 0.03954523990034886,
            "reference": 0.0,
            "abs_error": 0.03954523990034886,
            "rel_error": 6.841737006980769e-05,
            "status": "PASS"
        },
        "T_max": {
            "numerical": 583.0,
            "reference": 583.0,
            "abs_error": 0.0,
            "rel_error": 0.0,
            "status": "PASS"
        }
    },
    "tolerance": 0.003
}