{
    "results": {
        "L2_error_T": {
            "numerical": 0.0004251460772202884,
            "reference": 0.0,
            "abs_error": 0.0004251460772202884,
            "rel_error": 7.355468464018827e-07,
            "status": "PASS"
        },
        "Linf_error_T": {
            "numerical": 0.0009390762747898407,
            "reference": 0.0,
            "abs_error": 0.0009390762747898407,
            "rel_error": 1.624699437352665e-06,
            "status": "PASS"
        },
        "T_max": {
            "numerical": 582.9990609777094,
            "reference": 583.0,
            "abs_error": 0.0009390222905949486,
            "rel_error": 1.6106728826671502e-06,
            "status": "PASS"
        },
        "L2_error_sigma_yy": {
            "numerical": 0.001256696175208024,
            "reference": 0.0,
            "abs_error": 0.001256696175208024,
            "rel_error": 0.001256696175208024,
            "status": "PASS"
        }
    },
    "tolerance": 0.003,
    "summary": "PASS"
}