{
    "results": {
        "L2_error_T": {
            "numerical": 0.3900439783343073,
            "reference": 0.0,
            "abs_error": 0.3900439783343073,
            "rel_error": 0.0007041612203713311,
            "status": "PASS"
        },
        "Linf_error_T": {
            "numerical": 0.5152532599099686,
            "reference": 0.0,
            "abs_error": 0.5152532599099686,
            "rel_error": 0.00093020629583348,
            "status": "PASS"
        },
        "T_max": {
            "numerical": 562.482910613416,
            "reference": 562.1357469531933,
            "abs_error": 0.34716366022269085,
            "rel_error": 0.0006175797609462429,
            "status": "PASS"
        },
        "L2_error_sigma_tt": {
            "numerical": 0.009816863597727604,
            "reference": 0.0,
            "abs_error": 0.009816863597727604,
            "rel_error": 0.009816863597727604,
            "status": "PASS"
        },
        "L2_error_sigma_zz": {
            "numerical": 0.00954353345078713,
            "reference": 0.0,
            "abs_error": 0.00954353345078713,
            "rel_error": 0.00954353345078713,
            "status": "PASS"
        }
    },
    "tolerance": 0.01
}