{
    "results": {
        "L2_error_T": {
            "numerical": 6.417355949401013e-05,
            "reference": 0.0,
            "abs_error": 6.417355949401013e-05,
            "rel_error": 1.4365672488939662e-07,
            "status": "PASS"
        },
        "Linf_error_T": {
            "numerical": 8.957433340128773e-05,
            "reference": 0.0,
            "abs_error": 8.957433340128773e-05,
            "rel_error": 2.0051802443311498e-07,
            "status": "PASS"
        },
        "T_max": {
            "numerical": 500.0,
            "reference": 500.0,
            "abs_error": 0.0,
            "rel_error": 0.0,
            "status": "PASS"
        },
        "L2_error_sigma_rr": {
            "numerical": 0.0028966419980309796,
            "reference": 0.0,
            "abs_error": 0.0028966419980309796,
            "rel_error": 0.0028966419980309796,
            "status": "PASS"
        },
        "L2_error_sigma_tt": {
            "numerical": 0.00012329152212385862,
            "reference": 0.0,
            "abs_error": 0.00012329152212385862,
            "rel_error": 0.00012329152212385862,
            "status": "PASS"
        },
        "L2_error_sigma_zz": {
            "numerical": 0.00010587658498777064,
            "reference": 0.0,
            "abs_error": 0.00010587658498777064,
            "rel_error": 0.00010587658498777064,
            "status": "PASS"
        }
    },
    "tolerance": 0.03
}