{
    "results": {
        "L2_error_T": {
            "numerical": 2.765716359777107e-06,
            "reference": 0.0,
            "abs_error": 2.765716359777107e-06,
            "rel_error": 5.702579218274803e-09,
            "status": "PASS"
        },
        "Linf_error_T": {
            "numerical": 5.874490909718588e-06,
            "reference": 0.0,
            "abs_error": 5.874490909718588e-06,
            "rel_error": 1.2112503750169541e-08,
            "status": "PASS"
        },
        "T_max": {
            "numerical": 490.0,
            "reference": 490.0,
            "abs_error": 0.0,
            "rel_error": 0.0,
            "status": "PASS"
        },
        "L2_error_sigma_yy": {
            "numerical": 0.0003342712247618348,
            "reference": 0.0,
            "abs_error": 0.0003342712247618348,
            "rel_error": 0.0003342712247618348,
            "status": "PASS"
        }
    },
    "tolerance": 0.002,
    "summary": "PASS"
}