{
    "results": {
        "L2_error_T": {
            "numerical": 0.6439700642980536,
            "reference": 0.0,
            "abs_error": 0.6439700642980536,
            "rel_error": 0.0012232367854578268,
            "status": "PASS"
        },
        "Linf_error_T": {
            "numerical": 1.2309612576851805,
            "reference": 0.0,
            "abs_error": 1.2309612576851805,
            "rel_error": 0.002338240821046959,
            "status": "PASS"
        },
        "T_max": {
            "numerical": 563.3667082108785,
            "reference": 562.1357469531933,
            "abs_error": 1.2309612576851805,
            "rel_error": 0.0021897935940865853,
            "status": "PASS"
        }
    },
    "tolerance": 0.003,
    "summary": "PASS"
}
