{
    "results": {
        "L2_error_T": {
            "numerical": 0.00028535281287248666,
            "reference": 0.0,
            "abs_error": 0.00028535281287248666,
            "rel_error": 5.883563152010033e-07,
            "status": "PASS"
        },
        "Linf_error_T": {
            "numerical": 0.0005016157850832315,
            "reference": 0.0,
            "abs_error": 0.0005016157850832315,
            "rel_error": 1.0342593506870751e-06,
            "status": "PASS"
        },
        "T_max": {
            "numerical": 489.99999879294796,
            "reference": 490.0,
            "abs_error": 1.2070520369888982e-06,
            "rel_error": 2.4633715040589757e-09,
            "status": "PASS"
        }
    },
    "tolerance": 0.002,
    "summary": "PASS"
}