{
    "results": {
        "T_max": {
            "numerical": 500.9567957542861,
            "reference": 461.98001657548446,
            "abs_error": 38.97677917880162,
            "rel_error": 0.08436897220733588,
            "status": "PASS"
        },
        "sigma1_mean": {
            "numerical": -185741890.80315825,
            "reference": 0.0,
            "abs_error": 185741890.80315825,
            "rel_error": 0.0010318993933508792,
            "status": "PASS"
        },
        "sigma2_mean": {
            "numerical": -863636939.0115176,
            "reference": 0.0,
            "abs_error": 863636939.0115176,
            "rel_error": 0.0047979829945084315,
            "status": "PASS"
        },
        "sigma3_mean": {
            "numerical": -875141287.0207973,
            "reference": 0.0,
            "abs_error": 875141287.0207973,
            "rel_error": 0.004861896039004429,
            "status": "PASS"
        }
    },
    "tolerance": 0.6,
    "summary": "PASS"
}
