{
    "results": {
        "L2_error_T": {
            "numerical": 0.5693471091508844,
            "reference": 0.0,
            "abs_error": 0.5693471091508844,
            "rel_error": 0.0010283312739416987,
            "status": "PASS"
        },
        "Linf_error_T": {
            "numerical": 0.6274906806326044,
            "reference": 0.0,
            "abs_error": 0.6274906806326044,
            "rel_error": 0.0011333477954490942,
            "status": "PASS"
        },
        "T_max": {
            "numerical": 562.7589000887697,
            "reference": 562.1357469531933,
            "abs_error": 0.6231531355763309,
            "rel_error": 0.0011085456474772422,
            "status": "PASS"
        }
    },
    "tolerance": 0.003,
    "summary": "PASS"
}