{
    "results": {
        "L2_error_T": {
            "numerical": 0.3448500900680458,
            "reference": 0.0,
            "abs_error": 0.3448500900680458,
            "rel_error": 0.0006374560292623156,
            "status": "PASS"
        },
        "Linf_error_T": {
            "numerical": 0.4144527372422999,
            "reference": 0.0,
            "abs_error": 0.4144527372422999,
            "rel_error": 0.0007661166512882259,
            "status": "PASS"
        },
        "T_max": {
            "numerical": 562.5050302025131,
            "reference": 562.1357469531933,
            "abs_error": 0.3692832493197784,
            "rel_error": 0.0006569289558995561,
            "status": "PASS"
        }
    },
    "tolerance": 0.05,
    "summary": "PASS"
}
