{
    "results": {
        "L2_error_T": {
            "numerical": 0.002877060186067355,
            "reference": 0.0,
            "abs_error": 0.002877060186067355,
            "rel_error": 8.214726731237564e-06,
            "status": "PASS"
        },
        "Linf_error_T": {
            "numerical": 0.004336321569155643,
            "reference": 0.0,
            "abs_error": 0.004336321569155643,
            "rel_error": 1.2381283117360182e-05,
            "status": "PASS"
        }
    },
    "tolerance": 0.05,
    "summary": "PASS"
}